{"compile_duration": 2.1421594619750977, "execution_duration": 0.0017748514655977488, "example_size": 1024, "batch_size": 16, "model": "mobilenet"}