{"compile_duration": 9.352803468704224, "execution_duration": 0.025502953678369522, "example_size": 256, "batch_size": 32, "model": "xception"}