{"compile_duration": 14.278100967407227, "duration_per_example": 0.2542636329308152, "tile_duration_per_example": 1e-09, "examples": 256, "batch_size": 1, "model": "inception_v3", "backend": "plaid", "correct": true, "max_error": 1.339968184765894e-05, "max_abs_error": 7.897615432739258e-07, "fail_ratio": 0.0}