{"compile_duration": 42.235434770584106, "execution_duration": 0.03502491209656, "example_size": 256, "batch_size": 32, "model": "vgg19"}