{"compile_duration": 13.027781009674072, "execution_duration": 0.02127333334647119, "example_size": 1024, "batch_size": 1, "model": "resnet50", "correct": true, "max_error": 2.064686213998357e-06, "max_abs_error": 7.078051567077637e-08, "fail_ratio": 0.0}