{"compile_duration": 1.1436131000518799, "execution_duration": 0.008748765336349607, "example_size": 1024, "batch_size": 1, "model": "vgg19", "correct": true, "max_error": 1.956339247044525e-06, "max_abs_error": 1.4901161193847656e-07, "fail_ratio": 0.0}