{"compile_duration": 5.181894302368164, "execution_duration": 0.02515068300999701, "example_size": 1024, "batch_size": 16, "model": "xception"}