{"compile_duration": 2.2327277660369873, "execution_duration": 0.5236808136105537, "example_size": 32, "batch_size": 1, "model": "xception", "correct": true, "max_error": 7.93955314293271e-06, "max_abs_error": 1.2367963790893555e-06, "fail_ratio": 0.0}