{"compile_duration": 3.993912696838379, "execution_duration": 0.03999617230147123, "example_size": 256, "batch_size": 1, "model": "vgg19"}