{"compile_duration": 29.383829832077026, "execution_duration": 0.0735728107392788, "example_size": 256, "batch_size": 1, "model": "vgg19"}