{"compile_duration": 10.071613788604736, "execution_duration": 0.26162662357091904, "example_size": 32, "batch_size": 16, "model": "vgg19"}