{"compile_duration": 21.21787667274475, "execution_duration": 0.00954780587926507, "example_size": 1024, "batch_size": 16, "model": "inception_v3"}