{"compile_duration": 9.815361738204956, "duration_per_example": 0.11105265934020281, "tile_duration_per_example": 1e-09, "examples": 256, "batch_size": 1, "model": "vgg19", "backend": "plaid", "correct": true, "max_error": 6.4133578234759625e-06, "max_abs_error": 8.791685104370117e-07, "fail_ratio": 0.0}