{"compile_duration": 9.897006511688232, "execution_duration": 0.00475599430501461, "example_size": 1024, "batch_size": 32, "model": "vgg19"}