{"compile_duration": 10.632488250732422, "execution_duration": 0.14202465303242207, "example_size": 256, "batch_size": 1, "model": "xception"}