{"compile_duration": 29.399828672409058, "execution_duration": 0.014801105484366417, "example_size": 256, "batch_size": 32, "model": "resnet50"}