{"compile_duration": 3.1930959224700928, "execution_duration": 0.0029480403754860163, "example_size": 1024, "batch_size": 16, "model": "mobilenet"}