{"compile_duration": 2.8250672817230225, "execution_duration": 0.00846029818058014, "example_size": 1024, "batch_size": 32, "model": "xception"}