{"compile_duration": 5.0461015701293945, "execution_duration": 0.05156162567436695, "example_size": 256, "batch_size": 1, "model": "mobilenet", "correct": true, "max_error": 0.003277975177471265, "max_abs_error": 0.026757240295410156, "fail_ratio": 0.0}