{"compile_duration": 3.769779920578003, "duration_per_example": 0.02795349177904427, "tile_duration_per_example": 1e-09, "examples": 1024, "batch_size": 1, "model": "mobilenet_v2", "backend": "plaid", "correct": true, "max_error": 1.732389318931382e-05, "max_abs_error": 2.86102294921875e-06, "fail_ratio": 0.0}