{"compile_duration": 16.805341958999634, "execution_duration": 0.4364967867732048, "example_size": 32, "batch_size": 16, "model": "vgg19"}