{"compile_duration": 1.6062614917755127, "duration_per_example": 0.045942636439576745, "tile_duration_per_example": 1e-09, "examples": 1024, "batch_size": 1, "model": "mobilenet", "backend": "tensorflow", "correct": true, "max_error": 1.1307975910312962e-05, "max_abs_error": 3.259629011154175e-07, "fail_ratio": 0.0}