{"compile_duration": 1.9645838737487793, "duration_per_example": 0.029901823261752725, "tile_duration_per_example": 1e-09, "examples": 1024, "batch_size": 1, "model": "mobilenet", "backend": "plaid", "correct": true, "max_error": 4.366465509519912e-05, "max_abs_error": 4.16487455368042e-06, "fail_ratio": 0.0}