{"compile_duration": 15.519023895263672, "execution_duration": 0.1763026937842369, "example_size": 32, "batch_size": 32, "model": "xception"}