{"compile_duration": 8.947246074676514, "execution_duration": 0.0846383310854435, "example_size": 256, "batch_size": 1, "model": "xception"}