{"compile_duration": 1.8512656688690186, "execution_duration": 0.005763171706348658, "example_size": 1024, "batch_size": 16, "model": "xception"}