{"compile_duration": 2.2108840942382812, "execution_duration": 0.003241961356252432, "example_size": 1024, "batch_size": 16, "model": "vgg19"}