{"compile_duration": 9.996972799301147, "duration_per_example": 0.14549923222512007, "tile_duration_per_example": 1e-09, "examples": 1024, "batch_size": 1, "model": "mobilenet", "backend": "plaid", "correct": true, "max_error": 4.380625978228636e-05, "max_abs_error": 4.664063453674316e-06, "fail_ratio": 0.0}