{"compile_duration": 16.132535934448242, "execution_duration": 0.23138802032917738, "example_size": 256, "batch_size": 32, "model": "inception_v3"}