{"compile_duration": 9.264378547668457, "duration_per_example": 0.0022636158391833305, "tile_duration_per_example": 1e-09, "examples": 1024, "batch_size": 32, "model": "resnet50", "backend": "plaid"}