{"compile_duration": 24.82347321510315, "duration_per_example": 0.05032151937484741, "tile_duration_per_example": 0.02972196709375, "examples": 1024, "batch_size": 1, "model": "inception_v3", "backend": "plaid", "correct": true, "max_error": 2.285744085384067e-05, "max_abs_error": 1.646578311920166e-06, "fail_ratio": 0.0}