{"compile_duration": 26.97071671485901, "duration_per_example": 0.0486006885766983, "tile_duration_per_example": 1e-09, "examples": 64, "batch_size": 1, "model": "inception_v3", "backend": "plaid", "correct": true, "max_error": 2.285744085384067e-05, "max_abs_error": 1.646578311920166e-06, "fail_ratio": 0.0}