{"compile_duration": 7.854693651199341, "execution_duration": 0.011723955161869526, "example_size": 1024, "batch_size": 1, "model": "resnet50", "correct": true, "max_error": 2.5339340936625376e-06, "max_abs_error": 1.043081283569336e-07, "fail_ratio": 0.0}