{"compile_duration": 13.720216989517212, "execution_duration": 0.323438435792923, "example_size": 16, "batch_size": 16, "model": "inception_v3"}