{"compile_duration": 15.047741651535034, "execution_duration": 0.12821934185922146, "example_size": 256, "batch_size": 1, "model": "inception_v3"}