{"compile_duration": 8.21523118019104, "duration_per_example": 0.012095382902771235, "tile_duration_per_example": 1e-09, "examples": 1024, "batch_size": 1, "model": "mobilenet", "backend": "plaid", "correct": true, "max_error": 3.953776467824355e-05, "max_abs_error": 4.209578037261963e-06, "fail_ratio": 0.0}