{"compile_duration": 3.69378399848938, "execution_duration": 0.05902387201786041, "example_size": 32, "batch_size": 16, "model": "imdb_lstm"}