{"compile_duration": 9.455532312393188, "execution_duration": 0.00513817323371768, "example_size": 1024, "batch_size": 16, "model": "vgg19"}