{"compile_duration": 22.685115575790405, "execution_duration": 0.015968436375260353, "example_size": 256, "batch_size": 32, "model": "mobilenet"}