{"compile_duration": 5.620731830596924, "execution_duration": 0.009063050150871277, "example_size": 256, "batch_size": 32, "model": "vgg19"}