{"compile_duration": 25.782437801361084, "duration_per_example": 0.041129599092528224, "tile_duration_per_example": 1e-09, "examples": 1024, "batch_size": 1, "model": "inception_v3", "backend": "plaid", "correct": true, "max_error": 1.3973962268210016e-05, "max_abs_error": 1.0952353477478027e-06, "fail_ratio": 0.0}