{"compile_duration": 4.23147439956665, "execution_duration": 0.04914801474660635, "example_size": 256, "batch_size": 1, "model": "mobilenet", "correct": true, "max_error": 0.004016860505218192, "max_abs_error": 0.032764434814453125, "fail_ratio": 0.0}