{"compile_duration": 6.978221654891968, "execution_duration": 0.0038884123787283897, "example_size": 1024, "batch_size": 16, "model": "vgg19"}