{"compile_duration": 11.871671199798584, "execution_duration": 0.037141016917303205, "example_size": 1024, "batch_size": 1, "model": "densenet121", "correct": true, "max_error": 0.00025398097932338715, "max_abs_error": 4.76837158203125e-06, "fail_ratio": 0.0}