{"compile_duration": 1.7400562763214111, "duration_per_example": 0.016277504386380315, "tile_duration_per_example": 1e-09, "examples": 1024, "batch_size": 1, "model": "resnet50", "backend": "tensorflow", "correct": true, "max_error": 5.155532562639564e-06, "max_abs_error": 3.8743019104003906e-07, "fail_ratio": 0.0}