{"compile_duration": 9.289448499679565, "duration_per_example": 0.00840386189520359, "tile_duration_per_example": 1e-09, "examples": 1024, "batch_size": 1, "model": "mobilenet", "backend": "plaid", "correct": true, "max_error": 4.038809856865555e-05, "max_abs_error": 4.209578037261963e-06, "fail_ratio": 0.0}