{"compile_duration": 2.3597917556762695, "execution_duration": 0.0036592406686395407, "example_size": 1024, "batch_size": 32, "model": "vgg19"}