{"compile_duration": 36.57080006599426, "execution_duration": 0.09093392174690962, "example_size": 256, "batch_size": 32, "model": "xception"}