{"compile_duration": 36.231667041778564, "execution_duration": 0.02466397173702717, "example_size": 256, "batch_size": 32, "model": "inception_v3"}