{"compile_duration": 4.696078300476074, "execution_duration": 0.007751102559268475, "example_size": 256, "batch_size": 32, "model": "mobilenet"}