{"compile_duration": 0.35443711280822754, "duration_per_example": 0.023370993556454778, "tile_duration_per_example": 1e-09, "examples": 1024, "batch_size": 1, "model": "vgg19", "backend": "plaid", "correct": true, "max_error": 3.0909873203199822e-06, "max_abs_error": 3.0547380447387695e-07, "fail_ratio": 0.0}