{"compile_duration": 3.5819203853607178, "duration_per_example": 0.008586469106376171, "tile_duration_per_example": 1e-09, "examples": 1024, "batch_size": 1, "model": "mobilenet", "backend": "plaid", "correct": true, "max_error": 1.0642305824148934e-05, "max_abs_error": 7.450580596923828e-07, "fail_ratio": 0.0}