{"compile_duration": 3.567467212677002, "execution_duration": 0.0016271045897156, "example_size": 1024, "batch_size": 16, "model": "mobilenet"}