{"compile_duration": 6.084563732147217, "duration_per_example": 0.016212895745411515, "tile_duration_per_example": 1e-09, "examples": 1024, "batch_size": 1, "model": "mobilenet", "backend": "plaid", "correct": true, "max_error": 9.247387424693443e-06, "max_abs_error": 3.3155083656311035e-07, "fail_ratio": 0.0}