{"compile_duration": 16.262351036071777, "execution_duration": 0.011691324412822723, "example_size": 256, "batch_size": 32, "model": "inception_v3"}