{"compile_duration": 2.700523614883423, "execution_duration": 0.008485441096127033, "example_size": 1024, "batch_size": 16, "model": "xception"}