{"compile_duration": 1.2937507629394531, "execution_duration": 0.0016119624488055706, "example_size": 1024, "batch_size": 32, "model": "mobilenet"}