{"compile_duration": 6.411118745803833, "duration_per_example": 0.39433531113900244, "tile_duration_per_example": 1e-09, "examples": 1024, "batch_size": 1, "model": "resnet50", "backend": "plaid", "correct": true, "max_error": 9.804040018934757e-06, "max_abs_error": 2.2798776626586914e-06, "fail_ratio": 0.0}