{"compile_duration": 4.003907203674316, "execution_duration": 0.0088823102414608, "example_size": 1024, "batch_size": 16, "model": "xception"}