{"compile_duration": 27.508341789245605, "duration_per_example": 0.04345411667600274, "tile_duration_per_example": 1e-09, "examples": 1024, "batch_size": 1, "model": "xception", "backend": "plaid", "correct": true, "max_error": 1.06232564576203e-05, "max_abs_error": 6.705522537231445e-07, "fail_ratio": 0.0}