{"compile_duration": 18.72745990753174, "duration_per_example": 0.04785069567151368, "tile_duration_per_example": 1e-09, "examples": 1024, "batch_size": 1, "model": "inception_v3", "backend": "plaid", "correct": true, "max_error": 8.584590432292316e-06, "max_abs_error": 6.556510925292969e-07, "fail_ratio": 0.0}