{"compile_duration": 20.677257537841797, "duration_per_example": 0.040284663438797, "tile_duration_per_example": 1e-09, "examples": 64, "batch_size": 1, "model": "inception_v3", "backend": "plaid", "correct": true, "max_error": 8.584590432292316e-06, "max_abs_error": 6.556510925292969e-07, "fail_ratio": 0.0}