{"compile_duration": 34.56729078292847, "execution_duration": 0.16215433087199926, "example_size": 256, "batch_size": 1, "model": "inception_v3"}