{"compile_duration": 4.788295745849609, "execution_duration": 0.0638604387640953, "example_size": 32, "batch_size": 32, "model": "imdb_lstm"}