{
    "compile_duration": 23.27957057952881,
    "duration_per_example": 0.06600550096482038,
    "tile_duration_per_example": 0.08540281374007463,
    "examples": 256,
    "batch_size": 1,
    "model": "xception",
    "backend": "plaid",
    "correct": true,
    "max_error": 1.0025717529060785e-05,
    "max_abs_error": 1.1622905731201172e-06,
    "fail_ratio": 0.0
}