{"compile_duration": 0.7092940807342529, "execution_duration": 0.0012983984779566526, "example_size": 1024, "batch_size": 16, "model": "mobilenet"}