{"compile_duration": 1.94050931930542, "execution_duration": 0.20292099565267563, "example_size": 32, "batch_size": 1, "model": "xception", "correct": true, "max_error": 6.638761533395154e-06, "max_abs_error": 9.08970832824707e-07, "fail_ratio": 0.0}