{"compile_duration": 31.399303436279297, "execution_duration": 0.0010402966290712357, "example_size": 256, "batch_size": 32, "model": "resnet50"}