{"compile_duration": 4.333631992340088, "execution_duration": 0.06987364962697029, "example_size": 1024, "batch_size": 1, "model": "vgg19", "correct": true, "max_error": 4.833400453208014e-06, "max_abs_error": 2.980232238769531e-07, "fail_ratio": 0.0}