{"compile_duration": 7.817858934402466, "execution_duration": 0.2789152143523097, "example_size": 256, "batch_size": 1, "model": "inception_v3", "correct": true, "max_error": 1.812158734537661e-05, "max_abs_error": 1.6316771507263184e-06, "fail_ratio": 0.0}