{"compile_duration": 29.86942958831787, "execution_duration": 0.014666908420622349, "example_size": 256, "batch_size": 32, "model": "vgg19"}