{"compile_duration": 37.94633984565735, "execution_duration": 0.02864057384431362, "example_size": 256, "batch_size": 32, "model": "inception_v3"}