{"compile_duration": 17.497177124023438, "duration_per_example": 0.24135306011885405, "tile_duration_per_example": 1e-09, "examples": 1024, "batch_size": 1, "model": "mobilenet_v2", "backend": "plaid", "correct": true, "max_error": 2.476410190865863e-05, "max_abs_error": 3.993511199951172e-06, "fail_ratio": 0.0}