{"compile_duration": 12.785045385360718, "duration_per_example": 0.01630764757283032, "tile_duration_per_example": 1e-09, "examples": 1024, "batch_size": 1, "model": "mobilenet_v2", "backend": "plaid", "correct": true, "max_error": 1.4103472494753078e-05, "max_abs_error": 1.6093254089355469e-06, "fail_ratio": 0.0}