{"compile_duration": 18.354227781295776, "execution_duration": 0.5101209953427315, "example_size": 32, "batch_size": 32, "model": "xception"}