{"compile_duration": 9.108055114746094, "duration_per_example": 0.008372785057872534, "tile_duration_per_example": 1e-09, "examples": 1024, "batch_size": 1, "model": "resnet50", "backend": "plaid", "correct": true, "max_error": 9.382588359585498e-06, "max_abs_error": 2.0712614059448242e-06, "fail_ratio": 0.0}