{"compile_duration": 2.180224895477295, "execution_duration": 0.0016800016164779663, "example_size": 1024, "batch_size": 32, "model": "imdb_lstm"}