{"compile_duration": 10.49366807937622, "execution_duration": 0.1328707206994295, "example_size": 256, "batch_size": 1, "model": "xception"}