{"compile_duration": 24.207043409347534, "duration_per_example": 0.10083683300763369, "tile_duration_per_example": 0.07975302646875, "examples": 1024, "batch_size": 1, "model": "xception", "backend": "plaid", "correct": true, "max_error": 1.06232564576203e-05, "max_abs_error": 6.705522537231445e-07, "fail_ratio": 0.0}