{"compile_duration": 1.5035173892974854, "duration_per_example": 0.013644541380926967, "tile_duration_per_example": 1e-09, "examples": 1024, "batch_size": 1, "model": "xception", "backend": "plaid", "correct": true, "max_error": 5.807520665257471e-06, "max_abs_error": 7.301568984985352e-07, "fail_ratio": 0.0}