{"compile_duration": 3.502528667449951, "execution_duration": 0.013675337890163064, "example_size": 1024, "batch_size": 1, "model": "xception", "correct": true, "max_error": 1.0118302270711865e-05, "max_abs_error": 1.1771917343139648e-06, "fail_ratio": 0.0}