{"compile_duration": 14.487959384918213, "duration_per_example": 0.17476423946209252, "tile_duration_per_example": 1e-09, "examples": 1024, "batch_size": 1, "model": "mobilenet_v2", "backend": "plaid", "correct": true, "max_error": 2.5430384994251654e-05, "max_abs_error": 4.410743713378906e-06, "fail_ratio": 0.0}