{"compile_duration": 4.647865295410156, "execution_duration": 0.1566201150417328, "example_size": 32, "batch_size": 16, "model": "xception"}