{"compile_duration": 8.519994258880615, "execution_duration": 0.11824291944503784, "example_size": 64, "batch_size": 16, "model": "resnet50"}