{"compile_duration": 7.507751226425171, "execution_duration": 0.03338674618862569, "example_size": 1024, "batch_size": 16, "model": "inception_v3"}