{"compile_duration": 0.6071174144744873, "duration_per_example": 0.00667262077331543, "tile_duration_per_example": 1e-09, "examples": 1, "batch_size": 1, "model": "mobilenet", "backend": "plaid", "correct": true, "max_error": 7.026663752185414e-06, "max_abs_error": 4.172325134277344e-07, "fail_ratio": 0.0}