{"compile_duration": 50.3358690738678, "execution_duration": 0.03413337375968695, "example_size": 256, "batch_size": 32, "model": "resnet50"}