{"compile_duration": 28.853246927261353, "execution_duration": 0.0617026137188077, "example_size": 256, "batch_size": 1, "model": "vgg19"}