{"compile_duration": 7.316857814788818, "duration_per_example": 0.0093504439573735, "tile_duration_per_example": 1e-09, "examples": 1024, "batch_size": 1, "model": "mobilenet_v2", "backend": "plaid", "correct": true, "max_error": 6.511939773190534e-06, "max_abs_error": 1.1324882507324219e-06, "fail_ratio": 0.0}