{"compile_duration": 2.1948421001434326, "duration_per_example": 0.5692221559584141, "tile_duration_per_example": 32.72142324189583, "examples": 192, "batch_size": 1, "model": "xception", "backend": "plaid", "correct": false, "max_error": 116.66451263427734, "max_abs_error": 0.9996843934059143, "fail_ratio": 1.0}