{"compile_duration": 1.820044994354248, "duration_per_example": 0.19579599611461163, "tile_duration_per_example": 1e-09, "examples": 256, "batch_size": 1, "model": "inception_v3", "backend": "plaid", "correct": true, "max_error": 8.805464858596679e-06, "max_abs_error": 4.023313522338867e-07, "fail_ratio": 0.0}