{"compile_duration": 3.6172802448272705, "execution_duration": 0.0013371924869716167, "example_size": 1024, "batch_size": 32, "model": "mobilenet"}