{"compile_duration": 8.596630096435547, "execution_duration": 0.052067969692870975, "example_size": 1024, "batch_size": 32, "model": "vgg19"}