{"compile_duration": 6.289024353027344, "duration_per_example": 0.0020559898111969233, "tile_duration_per_example": 1e-09, "examples": 1024, "batch_size": 32, "model": "resnet50", "backend": "plaid"}