{"compile_duration": 9.95054292678833, "execution_duration": 0.5047117248177528, "example_size": 32, "batch_size": 16, "model": "xception"}