{"compile_duration": 5.446540355682373, "duration_per_example": 0.006419378565624356, "tile_duration_per_example": 1e-09, "examples": 1024, "batch_size": 1, "model": "mobilenet", "backend": "plaid", "correct": true, "max_error": 1.8053706298815086e-05, "max_abs_error": 9.760260581970215e-07, "fail_ratio": 0.0}