{"compile_duration": 8.177148818969727, "execution_duration": 0.029242736287415028, "example_size": 1024, "batch_size": 32, "model": "inception_v3"}