{"compile_duration": 4.404629945755005, "execution_duration": 0.007010307163000107, "example_size": 1024, "batch_size": 32, "model": "xception"}