{"compile_duration": 6.875587463378906, "execution_duration": 0.008800388313829899, "example_size": 1024, "batch_size": 16, "model": "xception"}