{"compile_duration": 1.9434237480163574, "execution_duration": 0.005316858878359199, "example_size": 1024, "batch_size": 32, "model": "xception"}