{"compile_duration": 2.0977487564086914, "execution_duration": 0.022138091968372464, "example_size": 1024, "batch_size": 1, "model": "imdb_lstm", "correct": true, "max_error": 9.253574972944989e-08, "max_abs_error": 5.960464477539063e-08, "fail_ratio": 0.0}