{"compile_duration": 2.2403812408447266, "execution_duration": 0.0013896580785512924, "example_size": 1024, "batch_size": 32, "model": "mobilenet"}