{"compile_duration": 5.120184659957886, "execution_duration": 0.005538148805499077, "example_size": 256, "batch_size": 32, "model": "mobilenet"}