{"compile_duration": 3.0309650897979736, "execution_duration": 0.025137919932603836, "example_size": 1024, "batch_size": 32, "model": "imdb_lstm"}