{"compile_duration": 3.378403663635254, "duration_per_example": 0.10259595396928489, "tile_duration_per_example": 1e-09, "examples": 1024, "batch_size": 1, "model": "resnet50", "backend": "tensorflow", "correct": true, "max_error": 1.0944135283352807e-05, "max_abs_error": 3.8743019104003906e-07, "fail_ratio": 0.0}