{"compile_duration": 47.28417205810547, "execution_duration": 0.16026046685874462, "example_size": 256, "batch_size": 1, "model": "resnet50"}