{"compile_duration": 9.668012380599976, "execution_duration": 0.006780070252716541, "example_size": 256, "batch_size": 32, "model": "resnet50"}