{"compile_duration": 2.3424532413482666, "execution_duration": 0.0013927258551120758, "example_size": 1024, "batch_size": 16, "model": "mobilenet"}