{"compile_duration": 0.8578610420227051, "execution_duration": 0.005176056642085314, "example_size": 1024, "batch_size": 32, "model": "mobilenet"}