{"compile_duration": 4.296550035476685, "duration_per_example": 0.052194781601428986, "tile_duration_per_example": 1e-09, "examples": 64, "batch_size": 1, "model": "vgg19", "backend": "plaid", "correct": true, "max_error": 2.41247971644043e-06, "max_abs_error": 2.384185791015625e-07, "fail_ratio": 0.0}