{"compile_duration": 3.923813581466675, "duration_per_example": 0.06311690830625594, "tile_duration_per_example": 1e-09, "examples": 1024, "batch_size": 1, "model": "vgg19", "backend": "plaid", "correct": true, "max_error": 2.41247971644043e-06, "max_abs_error": 2.384185791015625e-07, "fail_ratio": 0.0}