{"compile_duration": 3.088132858276367, "execution_duration": 0.003192029893398285, "example_size": 1024, "batch_size": 32, "model": "mobilenet"}