{"compile_duration": 1.8960764408111572, "duration_per_example": 0.0024372627958655357, "tile_duration_per_example": 1e-09, "examples": 1024, "batch_size": 32, "model": "resnet50", "backend": "tensorflow"}