{"compile_duration": 29.60838794708252, "execution_duration": 0.12822822574526072, "example_size": 256, "batch_size": 1, "model": "resnet50"}