{"compile_duration": 21.16871166229248, "execution_duration": 0.008180780801922083, "example_size": 1024, "batch_size": 32, "model": "inception_v3"}