{"compile_duration": 28.503663539886475, "execution_duration": 0.126118715852499, "example_size": 256, "batch_size": 1, "model": "resnet50"}