{"compile_duration": 7.189035415649414, "execution_duration": 0.008814163971692324, "example_size": 1024, "batch_size": 32, "model": "xception"}