{"compile_duration": 4.865010976791382, "execution_duration": 0.00872548297047615, "example_size": 256, "batch_size": 32, "model": "mobilenet"}