{"compile_duration": 3.9939560890197754, "duration_per_example": 0.16177885855237642, "tile_duration_per_example": 1e-09, "examples": 192, "batch_size": 1, "model": "xception", "backend": "plaid", "correct": true, "max_error": 6.143915470602224e-06, "max_abs_error": 7.748603820800781e-07, "fail_ratio": 0.0}