{"compile_duration": 16.36503839492798, "execution_duration": 0.07877999451011419, "example_size": 1024, "batch_size": 1, "model": "densenet121", "correct": true, "max_error": 0.00025398097932338715, "max_abs_error": 3.337860107421875e-06, "fail_ratio": 0.0}