{"compile_duration": 10.169520854949951, "duration_per_example": 0.0074423367623239756, "tile_duration_per_example": 1e-09, "examples": 1024, "batch_size": 1, "model": "mobilenet_v2", "backend": "plaid", "correct": true, "max_error": 2.6096662622876465e-05, "max_abs_error": 3.993511199951172e-06, "fail_ratio": 0.0}