{"compile_duration": 9.64080548286438, "duration_per_example": 0.010486765531823039, "tile_duration_per_example": 0.00330428709375, "examples": 1024, "batch_size": 1, "model": "mobilenet_v2", "backend": "plaid", "correct": true, "max_error": 2.6096662622876465e-05, "max_abs_error": 3.993511199951172e-06, "fail_ratio": 0.0}