{"compile_duration": 2.4769129753112793, "execution_duration": 0.09078387171030045, "example_size": 32, "batch_size": 1, "model": "imdb_lstm", "correct": true, "max_error": 9.253574972944989e-08, "max_abs_error": 5.960464477539063e-08, "fail_ratio": 0.0}