{"compile_duration": 90.60185432434082, "execution_duration": 0.21426912304013968, "example_size": 256, "batch_size": 1, "model": "inception_v3"}