{"compile_duration": 2.131575345993042, "duration_per_example": 0.01303202216513455, "tile_duration_per_example": 1e-09, "examples": 1024, "batch_size": 1, "model": "mobilenet_v2", "backend": "tensorflow", "correct": true, "max_error": 2.8497249786596512e-06, "max_abs_error": 5.364418029785156e-07, "fail_ratio": 0.0}