{"compile_duration": 13.059576511383057, "duration_per_example": 0.024596255272626877, "tile_duration_per_example": 1e-09, "examples": 128, "batch_size": 1, "model": "resnet50", "backend": "plaid", "correct": true, "max_error": 8.321939276356716e-06, "max_abs_error": 1.2814998626708984e-06, "fail_ratio": 0.0}