{"compile_duration": 12.12661361694336, "duration_per_example": 0.026793759083375335, "tile_duration_per_example": 0.016365880375, "examples": 1024, "batch_size": 1, "model": "resnet50", "backend": "plaid", "correct": true, "max_error": 8.321939276356716e-06, "max_abs_error": 1.2814998626708984e-06, "fail_ratio": 0.0}