{"compile_duration": 8.397571802139282, "execution_duration": 0.04886619746685028, "example_size": 64, "batch_size": 16, "model": "resnet50"}