{"compile_duration": 24.18250322341919, "execution_duration": 0.260207936167717, "example_size": 32, "batch_size": 32, "model": "vgg19"}