{"compile_duration": 9.106168031692505, "execution_duration": 0.04955461248755455, "example_size": 64, "batch_size": 32, "model": "resnet50"}