{"compile_duration": 0.7834811210632324, "execution_duration": 0.005530447466298938, "example_size": 1024, "batch_size": 16, "model": "mobilenet"}