{"compile_duration": 11.201579093933105, "duration_per_example": 0.026221267879009247, "tile_duration_per_example": 1e-09, "examples": 1024, "batch_size": 1, "model": "resnet50", "backend": "plaid", "correct": true, "max_error": 5.032153239881154e-06, "max_abs_error": 4.76837158203125e-07, "fail_ratio": 0.0}