{"compile_duration": 8.093487024307251, "duration_per_example": 0.03428860753774643, "tile_duration_per_example": 1e-09, "examples": 64, "batch_size": 1, "model": "xception", "backend": "plaid", "correct": true, "max_error": 8.142522347043268e-06, "max_abs_error": 9.387731552124023e-07, "fail_ratio": 0.0}