{"compile_duration": 7.565696477890015, "duration_per_example": 0.038447470869868994, "tile_duration_per_example": 1e-09, "examples": 1024, "batch_size": 1, "model": "xception", "backend": "plaid", "correct": true, "max_error": 8.142522347043268e-06, "max_abs_error": 9.387731552124023e-07, "fail_ratio": 0.0}