{"compile_duration": 18.55561637878418, "execution_duration": 0.006450849352404475, "example_size": 1024, "batch_size": 1, "model": "bvlc_alexnet", "correct": true, "max_error": 6.523459319396352e-07, "max_abs_error": 4.190951585769653e-09, "fail_ratio": 0.0}