{"compile_duration": 12.205191612243652, "execution_duration": 0.0032653864473104477, "example_size": 256, "batch_size": 32, "model": "xception"}