{"compile_duration": 2.1739861965179443, "execution_duration": 0.03279693657532334, "example_size": 1024, "batch_size": 16, "model": "xception"}