{"compile_duration": 9.366807460784912, "execution_duration": 0.07950478792190552, "example_size": 256, "batch_size": 1, "model": "resnet50"}