{"compile_duration": 3.36796498298645, "execution_duration": 0.031995797995477915, "example_size": 1024, "batch_size": 32, "model": "xception"}