{"compile_duration": 11.386558294296265, "execution_duration": 0.008779865689575672, "example_size": 1024, "batch_size": 16, "model": "vgg19"}