{"compile_duration": 8.96226692199707, "execution_duration": 0.06000612676143646, "example_size": 32, "batch_size": 32, "model": "vgg19"}