{"compile_duration": 6.869911432266235, "execution_duration": 0.0036668588872998953, "example_size": 1024, "batch_size": 32, "model": "vgg19"}