{"compile_duration": 40.999120235443115, "execution_duration": 0.22483730223029852, "example_size": 256, "batch_size": 1, "model": "vgg19"}