{"compile_duration": 32.25327730178833, "execution_duration": 0.1751149296760559, "example_size": 256, "batch_size": 1, "model": "xception"}