{"compile_duration": 8.57997727394104, "duration_per_example": 1.480535103008151, "tile_duration_per_example": 1e-09, "examples": 256, "batch_size": 1, "model": "xception", "backend": "plaid", "correct": false, "max_error": 0.40327969193458557, "max_abs_error": 0.03114226460456848, "fail_ratio": 0.87}