{"compile_duration": 6.889357805252075, "duration_per_example": 0.08304278180003166, "tile_duration_per_example": 1e-09, "examples": 64, "batch_size": 1, "model": "vgg19", "backend": "plaid", "correct": true, "max_error": 7.826481123629492e-06, "max_abs_error": 1.0728836059570312e-06, "fail_ratio": 0.0}