{"compile_duration": 6.777676820755005, "duration_per_example": 0.11095948750153184, "tile_duration_per_example": 0.09144383303125, "examples": 1024, "batch_size": 1, "model": "vgg19", "backend": "plaid", "correct": true, "max_error": 7.826481123629492e-06, "max_abs_error": 1.0728836059570312e-06, "fail_ratio": 0.0}