{"compile_duration": 27.730245351791382, "duration_per_example": 0.02595711639150977, "tile_duration_per_example": 1e-09, "examples": 1024, "batch_size": 1, "model": "inception_v3", "backend": "plaid", "correct": true, "max_error": 1.3445679542201106e-05, "max_abs_error": 1.0281801223754883e-06, "fail_ratio": 0.0}