{"compile_duration": 1.7557861804962158, "duration_per_example": 0.0032789348624646664, "tile_duration_per_example": 1e-09, "examples": 1024, "batch_size": 16, "model": "resnet50", "backend": "tensorflow"}