{"compile_duration": 0.74045729637146, "execution_duration": 0.0012631365098059177, "example_size": 1024, "batch_size": 32, "model": "mobilenet"}