{"compile_duration": 7.867749929428101, "execution_duration": 0.0051794282626360655, "example_size": 1024, "batch_size": 32, "model": "inception_v3"}