{"compile_duration": 7.7677178382873535, "execution_duration": 0.005707603879272938, "example_size": 1024, "batch_size": 16, "model": "inception_v3"}