{"compile_duration": 3.0677871704101562, "duration_per_example": 0.07807413721457124, "tile_duration_per_example": 1e-09, "examples": 1024, "batch_size": 1, "model": "mobilenet_v2", "backend": "tensorflow", "correct": true, "max_error": 6.3064521782507654e-06, "max_abs_error": 1.1920928955078125e-07, "fail_ratio": 0.0}