{"compile_duration": 11.881214141845703, "execution_duration": 0.03511560894548893, "example_size": 256, "batch_size": 32, "model": "xception"}