{"compile_duration": 1.994149923324585, "execution_duration": 0.029391207732260227, "example_size": 256, "batch_size": 32, "model": "mobilenet"}