{"compile_duration": 5.560523509979248, "execution_duration": 0.0238499550614506, "example_size": 1024, "batch_size": 32, "model": "xception"}