{"compile_duration": 0.9373130798339844, "duration_per_example": 0.01272855675779283, "tile_duration_per_example": 1e-09, "examples": 1024, "batch_size": 1, "model": "resnet50", "backend": "plaid", "correct": true, "max_error": 6.642696007475024e-06, "max_abs_error": 4.991888999938965e-07, "fail_ratio": 0.0}