{"compile_duration": 6.467505216598511, "duration_per_example": 0.01305916323326528, "tile_duration_per_example": 1e-09, "examples": 1024, "batch_size": 1, "model": "resnet50", "backend": "plaid", "correct": true, "max_error": 3.588893832784379e-06, "max_abs_error": 2.5331974029541016e-07, "fail_ratio": 0.0}