{"compile_duration": 7.593041181564331, "execution_duration": 0.04621645505540073, "example_size": 1024, "batch_size": 16, "model": "vgg19"}