{"compile_duration": 5.544461488723755, "duration_per_example": 0.006074254401028156, "tile_duration_per_example": 1e-09, "examples": 1024, "batch_size": 1, "model": "mobilenet", "backend": "plaid", "correct": true, "max_error": 4.499583155848086e-05, "max_abs_error": 4.7907233238220215e-06, "fail_ratio": 0.0}