{"compile_duration": 5.132946252822876, "duration_per_example": 0.008925528498366475, "tile_duration_per_example": 0.00276073178125, "examples": 1024, "batch_size": 1, "model": "mobilenet", "backend": "plaid", "correct": true, "max_error": 4.499583155848086e-05, "max_abs_error": 4.7907233238220215e-06, "fail_ratio": 0.0}