{"compile_duration": 1.5091502666473389, "execution_duration": 0.02957011666148901, "example_size": 256, "batch_size": 16, "model": "mobilenet"}