{"compile_duration": 23.701524019241333, "execution_duration": 0.03169820667244494, "example_size": 1024, "batch_size": 1, "model": "inception_v3", "correct": true, "max_error": 1.598830749571789e-05, "max_abs_error": 1.773238182067871e-06, "fail_ratio": 0.0}