{"compile_duration": 2.464871883392334, "duration_per_example": 0.09393697394989431, "tile_duration_per_example": 1e-09, "examples": 1024, "batch_size": 1, "model": "vgg19", "backend": "plaid", "correct": true, "max_error": 7.500375431845896e-06, "max_abs_error": 1.0281801223754883e-06, "fail_ratio": 0.0}