{"compile_duration": 2.655369758605957, "execution_duration": 0.016481196274980903, "example_size": 1024, "batch_size": 1, "model": "imdb_lstm", "correct": true, "max_error": 9.253574972944989e-08, "max_abs_error": 5.960464477539063e-08, "fail_ratio": 0.0}