{"compile_duration": 0.4189889430999756, "duration_per_example": 0.021769912913441658, "tile_duration_per_example": 1e-09, "examples": 1024, "batch_size": 1, "model": "mobilenet", "backend": "plaid", "correct": true, "max_error": 9.645211321185343e-06, "max_abs_error": 7.897615432739258e-07, "fail_ratio": 0.0}