{"compile_duration": 92.10656523704529, "execution_duration": 0.04604351054877043, "example_size": 256, "batch_size": 32, "model": "inception_v3"}