{"compile_duration": 6.878798484802246, "execution_duration": 0.01846146071329713, "example_size": 1024, "batch_size": 1, "model": "xception", "correct": true, "max_error": 1.0956513506243937e-05, "max_abs_error": 1.2516975402832031e-06, "fail_ratio": 0.0}