{"compile_duration": 11.612756967544556, "execution_duration": 0.21813013218343258, "example_size": 256, "batch_size": 16, "model": "inception_v3"}