{"compile_duration": 2.1612389087677, "execution_duration": 0.0022207133006304502, "example_size": 1024, "batch_size": 16, "model": "imdb_lstm"}