{"compile_duration": 11.54498815536499, "execution_duration": 0.009769049473106861, "example_size": 1024, "batch_size": 32, "model": "vgg19"}