{"compile_duration": 29.971789360046387, "execution_duration": 0.011115583591163158, "example_size": 256, "batch_size": 32, "model": "vgg19"}