{"compile_duration": 10.654376029968262, "execution_duration": 0.11815958097577095, "example_size": 64, "batch_size": 32, "model": "resnet50"}